image_1,image_2
freeviewing/gambling/blackjack_casino.jpg,freeviewing/non_gambling/blackjacks_course.jpg
freeviewing/gambling/greyhounds.jpg,freeviewing/non_gambling/wolves.jpg
freeviewing/gambling/horse_racing_1.jpg,freeviewing/non_gambling/horses_stable.jpg
freeviewing/gambling/horse_racing_2.jpg,freeviewing/non_gambling/horses running.jpg
freeviewing/gambling/lottery_ticket.jpg,freeviewing/non_gambling/bus-timetable.gif
freeviewing/gambling/lotto_balls.png,freeviewing/non_gambling/cricket balls.jpg
freeviewing/gambling/poker_chips_cards.jpg,freeviewing/non_gambling/notebook and pencils.jpg
freeviewing/gambling/poker_chips.jpg,freeviewing/non_gambling/batteries.jpg
freeviewing/gambling/roulette_table.jpg,freeviewing/non_gambling/football pitch.jpg
freeviewing/gambling/roulette_wheel.jpg,freeviewing/non_gambling/ship steering wheel.jpg
freeviewing/gambling/tvliveodds.png,freeviewing/non_gambling/weather.png
freeviewing/gambling/bettingagencylogo_1.jpg,freeviewing/non_gambling/ukraine flag.jpg
freeviewing/gambling/bettingagencylogo_2.jpg,freeviewing/non_gambling/black_blue.jpg
freeviewing/gambling/scratchie_2.gif,freeviewing/non_gambling/chalkboard.jpeg
freeviewing/gambling/tabticket.gif,freeviewing/non_gambling/notebook 2.jpeg
freeviewing/gambling/scratchie_1.jpg,freeviewing/non_gambling/butterfly.png
freeviewing/gambling/pokies_1.jpg,freeviewing/non_gambling/supermarket shelf.jpg
freeviewing/gambling/pokies_2.png,freeviewing/non_gambling/drinks.jpg
freeviewing/gambling/pokies_3.jpg,freeviewing/non_gambling/arcade.jpg
freeviewing/gambling/cards.jpg,freeviewing/non_gambling/notebooks.jpg
